data,seguidores,fonte
30/09/2026 12:00,28,manual
04/10/2026 05:30,62,api
04/10/2026 11:47,63,api
04/10/2026 15:38,65,api
04/10/2026 23:02,66,api
05/10/2026 06:05,72,api
05/10/2026 15:29,77,api
05/10/2026 21:49,93,api
06/10/2026 03:20,99,api
06/10/2026 04:13,101,api
06/10/2026 04:35,102,api
06/10/2026 06:13,103,api
06/10/2026 09:12,104,api
06/10/2026 10:14,105,api
06/10/2026 11:14,107,api
06/10/2026 11:24,108,api
06/10/2026 12:13,107,api
06/10/2026 12:25,108,api
06/10/2026 13:25,107,api
06/10/2026 14:26,108,api
06/10/2026 16:24,109,api
06/10/2026 17:21,110,api
06/10/2026 19:47,111,api
06/10/2026 20:36,113,api
06/10/2026 23:37,114,api
07/10/2026 00:37,115,api
07/10/2026 04:15,116,api
07/10/2026 10:47,116,api
07/10/2026 11:34,117,api
07/10/2026 17:38,117,api
07/10/2026 18:33,118,api
07/10/2026 23:18,119,api
08/10/2026 00:50,120,api
08/10/2026 06:50,120,api
08/10/2026 07:05,121,api
08/10/2026 10:08,122,api
08/10/2026 14:10,123,api
08/10/2026 14:30,124,api
08/10/2026 21:24,124,api
09/10/2026 03:25,124,api
09/10/2026 09:28,124,api
09/10/2026 15:29,124,api
09/10/2026 21:52,124,api
09/10/2026 23:07,125,api
10/10/2026 05:33,125,api
10/10/2026 12:16,125,api
10/10/2026 15:17,127,api
10/10/2026 19:32,128,api
10/10/2026 20:14,129,api
10/10/2026 21:14,130,api
10/10/2026 22:08,132,api
10/10/2026 22:54,133,api
